URL;PublicationDate;ReferenceNumber;ReferenceURL;Initiative;Name;Keywords;Topics
https://portal.opengeospatial.org/files/?artifact_id=40441&version=2;2010;10-035r2;na;OGC Web Services, Phase 7 (OWS-7);OWS-7 Information Sharing Engineering Report;Atom,OWS Context,Services,KML,Mapping,XML,WMS,Catalog,WFS,GML,;DataModels.Modeling
https://portal.opengeospatial.org/files/?artifact_id=40313&version=2;2010;10-036r2;na;OGC Web Services, Phase 7 (OWS-7);OWS-7 Motion Video Change Detection;Video,SOS,Services,Architecture,XML,GML,Data Modeling,OM,Catalog,Mapping,;DataModels.Modeling, DataModels.Video
https://portal.opengeospatial.org/files/?artifact_id=40310&version=2;2010;10-059r2;na;OGC Web Services, Phase 7 (OWS-7);OWS-7 Web Processing Service Profiling Engineering Report;Profiling,Services,GML,Workflows,Coverage,Mapping,WCPS,Domains,XML,KML,;Services.WPS, DataModels.Modeling
https://portal.opengeospatial.org/files/?artifact_id=39509&version=3;2010;10-060r1;na;OGC Web Services, Phase 7 (OWS-7);OWS-7 Event Architecture Engineering Report;Events,Services,Broker,GML,Messaging,XML,Security,Architecture,Domains,SWE,;Domains.Aviation, DataModels.Aviation, Architecture.Events
https://portal.opengeospatial.org/files/?artifact_id=39513&version=2;2010;10-061r1;na;OGC Web Services, Phase 7 (OWS-7);OWS-7 Dynamic Sensor Notification Engineering Report;SWE,Services,Events,GML,Workflows,Messaging,XML,Architecture,SOS,SensorML,;Architecture.SensorWeb
https://portal.opengeospatial.org/files/?artifact_id=39476&version=3;2011;10-069r2;na;OGC Web Services, Phase 7 (OWS-7);OWS 7 Engineering Report -- Geosynchronization service;Services,XML,Events,Atom,GML,SOAP,REST,OpenSearch,Synchronization,WFS,;Clients.Communication, Architecture.AsynchronousCommuniction
https://portal.opengeospatial.org/files/?artifact_id=39728&version=2;2010;10-073r1;na;OGC Web Services, Phase 7 (OWS-7);OWS-7 CCSI-SWE Best Practices Engineering Report;SWE,SOS,Services,Messaging,SensorML,Profiling,XML,Events,Architecture,Mapping,;Architecture.SensorWeb
https://portal.opengeospatial.org/files/?artifact_id=40311&version=2;2010;10-074;na;OGC Web Services, Phase 7 (OWS-7);OWS-7 Feature and Statistical Analysis Engineering Report;Services,Profiling,Workflows,XML,GML,Architecture,Mapping,WFS,Semantic,;DataModels.Modeling
https://portal.opengeospatial.org/files/?artifact_id=40133&version=2;2010;10-079r3;na;OGC Web Services, Phase 7 (OWS-7);OWS-7 Aviation Architecture Engineering Report;Events,AIXM,Services,WFS,Aviation,WXXM,GML,Architecture,Aeronautical,Portrayal,;Domains.Aviation, Architecture.Events
https://portal.opengeospatial.org/files/?artifact_id=40334&version=2;2010;10-086r1;na;OGC Web Services, Phase 7 (OWS-7);OWS-7 - Authoritative Data Source Directory Engineering Report;OpenSearch,Services,CSW,Catalog,Atom,OWS Context,Registries,Semantic,Mapping,XML,;DataModels.Modeling, Semantic.Registries
https://portal.opengeospatial.org/files/?artifact_id=40139&version=2;2010;10-087;na;OGC Web Services, Phase 7 (OWS-7);OWS-7 Motion Imagery Discovery and Retrieval Engineering Report;Platforms,Video,XML,SWE,Architecture,Sensor Web,Services,Aviation,Catalog,Registries,;DataModels.Modeling, DataModels.Video
https://portal.opengeospatial.org/files/?artifact_id=50438&version=2;2014;10-088r3;na;OGC Web Services, Phase 7 (OWS-7);OWS-7 Schema Automation Engineering Report;KML,NAS,OCL,GML,Conversion,XML,Services,Mapping,Portrayal,Messaging,;DataModels.Modeling
https://portal.opengeospatial.org/files/?artifact_id=40840&version=2;2010;10-094;na;OGC Web Services, Phase 7 (OWS-7);Summary of the OGC Web Services, Phase 7 (OWS-7) Interoperability Testbed;Services,Aviation,AIXM,WXXM,Video,Aeronautical,SWE,Profiling,Workflows,Synchronization,;IP
https://portal.opengeospatial.org/files/?artifact_id=40134&version=2;2010;10-127r1;na;OGC Web Services, Phase 7 (OWS-7);OWS-7 Engineering Report - Aviation Portrayal;Portrayal,Registries,Services,WFS,Coverage,WMS,AIXM,Architecture,Aviation,CSW,;Domains.Aviation, Clients.Portrayal
https://portal.opengeospatial.org/files/?artifact_id=40114&version=2;2010;10-130;na;OGC Web Services, Phase 7 (OWS-7);OWS-7 Aviation – FUSE Deployment Engineering Report;Services,WFS,Secur;Domains.Aviation, Architecture.Events
https://portal.opengeospatial.org/files/?artifact_id=40502&version=1;2010;10-131r1;na;OGC Web Services, Phase 7 (OWS-7);OWS-7 Aviation – AIXM Assessment Report;AIXM,GML,WFS,Services,Events,Aviation,Aeronautical,XML,Architecture,WXXM,;Domains.Aviation, DataModels.AIXM
https://portal.opengeospatial.org/files/?artifact_id=40149&version=2;2010;10-132;na;OGC Web Services, Phase 7 (OWS-7);OWS-7 Aviation – WXXM Assessment Engineering Report;WXXM,WFS,Services,Aviation,AIXM,Coverage,Architecture,Messaging,GML,Compliance,;Domains.Aviation, DataModels.WXXM
https://portal.opengeospatial.org/files/?artifact_id=40336&version=1;2010;10-137;na;OGC Web Services, Phase 7 (OWS-7);OWS-7 UML to Schema, Conversion and Validation;XML,AIXM,WFS,GML,Services,Profiling,Conversion,Aviation,Aeronautical,Registries,;Domains.Aviation, DataModels.Modeling
https://portal.opengeospatial.org/files/?artifact_id=40144&version=3;2010;10-155;na;OGC Web Services, Phase 7 (OWS-7);OWS-7 Towards secure interconnection of OGC Web Services with SWIM;Services,Security,NAS,Architecture,Messaging,SOAP,XML,Events,Aviation,Domains,;Domains.Aviation, Architecture.Security
https://portal.opengeospatial.org/files/?artifact_id=45380;2012;11-061r1;na;OGC Web Services, Phase 8 (OWS-8);OWS-8 AIXM Metadata Guidelines Engineering Report;AIXM,GML,Messaging,Events,Aviation,XML,CITE,Profiling,Compliance,CityGML,;Domains.Aviation, DataModels.AIXM
https://portal.opengeospatial.org/files/?artifact_id=46548;2011;11-062r2;na;OGC Web Services, Phase 8 (OWS-8);OWS-8 CCI Portrayal Registries Engineering Report;Portrayal,Registries,KML,Services,Mapping,WFS,Profiling,Aviation,WMS,XML,;Clients.Portrayal, Semantic.Registries
https://portal.opengeospatial.org/files/?artifact_id=46342;2011;11-063r6;na;OGC Web Services, Phase 8 (OWS-8);OWS-8 Cross Community Interoperability (CCI) Semantic Mediation Engineering Report;Mapping,Semantic,RDF,WFS,Services,Ontology,GML,Data Modeling,Portrayal,Registries,;Semantic.Mappings
https://portal.opengeospatial.org/files/?artifact_id=46324;2011;11-064r3;na;OGC Web Services, Phase 8 (OWS-8);OWS-8 CCI Schema Automation Engineering Report;KML,GML,XML,OCL,Portrayal,WFS,Profiling,Conversion,Registries,Services,;DataModels.Modeling
https://portal.opengeospatial.org/files/?artifact_id=46322;2012;11-072r2;na;OGC Web Services, Phase 8 (OWS-8);OWS-8 Aviation – Weather Information Exchange Model (WXXM) Engineering Report;WCS,GML,Services,Coverage,WXXM,Architecture,Domains,WCPS,Aviation,Profiling,;Domains.Aviation, DataModels.WXXM
https://portal.opengeospatial.org/files/?artifact_id=46666;2012;11-073r2;na;OGC Web Services, Phase 8 (OWS-8);OWS-8 Aviation: Guidance for Retrieving AIXM 5.1 data via an OGC WFS 2.0;WFS,AIXM,GML,Services,Aviation,Aeronautical,Events,Compliance,Profiling,Domains,;Domains.Aviation, DataModels.AIXM
https://portal.opengeospatial.org/files/?artifact_id=46679;2011;11-085r1;na;OGC Web Services, Phase 8 (OWS-8);OWS-8 Bulk Geodata Transfer Using GML Engineering Report;XML,GML,Services,WFS,Events,;Architecture.BigData
https://portal.opengeospatial.org/files/?artifact_id=46019;2012;11-086r1;na;OGC Web Services, Phase 8 (OWS-8);OWS-8 Aviation Thread - Authoritative AIXM Data Source Engineering Report;WFS,Services,AIXM,GML,Messaging,Profiling,Security,Architecture,Aviation,Events,;Domains.Aviation, DataModels.AIXM
https://portal.opengeospatial.org/files/?artifact_id=46038;2011;11-087;na;OGC Web Services, Phase 8 (OWS-8);WFS 2.0 Change Proposal from OWS-8 - Add CreateSchema and DropFeatureType operations;WFS,XML,Semantic,GML,Services,Messaging,Events,Profiling,Domains,;Services.WFS
https://portal.opengeospatial.org/files/?artifact_id=46228;2011;11-089r1;na;OGC Web Services, Phase 8 (OWS-8);OWS-8 Engineering Report - Guidelines for International Civil Aviation Organization (ICAO) portrayal using SLD/SE;AIXM,GML,Portrayal,WFS,Services,Aviation,XML,Aeronautical,Events,Semantic,;Domains.Aviation
https://portal.opengeospatial.org/files/?artifact_id=45407;2011;11-090;na;OGC Web Services, Phase 8 (OWS-8);OWS-8 Engineering Report Metadata Mapping between NASA ECS/HDF-EOS and WSC2.0;GML,Coverage,Mapping,WCS,SWE,Data Modeling,Profiling,Services,Domains,CITE,;DataModels.Modeling,Services.WCS
https://portal.opengeospatial.org/files/?artifact_id=46094;2012;11-091;na;OGC Web Services, Phase 8 (OWS-8);OWS-8 Review of the WXXS exchange schemas;GML,XML,Compliance,Services,Aviation,Events,Domains,SWE,Coverage,Security,;Domains.Aviation, DataModels.WXXM
https://portal.opengeospatial.org/files/?artifact_id=46243;2011;11-092r2;na;OGC Web Services, Phase 8 (OWS-8);OWS-8 Report on Digital NOTAM Event Specification;AIXM,Events,Coverage,GML,Messaging,XML,Mapping,Aeronautical,Services,Aviation,;Domains.Aviation, DataModels.Modeling
https://portal.opengeospatial.org/files/?artifact_id=46242;2011;11-093r2;na;OGC Web Services, Phase 8 (OWS-8);OWS-8 Aviation Architecture Engineering Report;AIXM,Services,Events,GML,WFS,Aviation,Architecture,SOAP,Messaging,XML,;Domains.Aviation, DataModels.Modeling
https://portal.opengeospatial.org/files/?artifact_id=45404;2011;11-096;na;OGC Web Services, Phase 8 (OWS-8);OWS-8 WCS 2.0 Earth Observation Application Profile Engineering Report;WCS,Profiling,Coverage,Services,XML,GML,CITE,Events,;DataModels.Modeling,Services.WCS
https://portal.opengeospatial.org/files/?artifact_id=46394;2011;11-097;na;OGC Web Services, Phase 8 (OWS-8);OWS-8 AIXM 5.1 Compression Benchmarking;AIXM,GML,XML,Platforms,WFS,Messaging,Services,Events,Aeronautical,Aviation,;Domains.Aviation,DataModels.AIXM
https://portal.opengeospatial.org/files/?artifact_id=46227;2011;11-106r1;na;OGC Web Services, Phase 8 (OWS-8);OWS-8 Digital NOTAM Refactor;Domains,Events,Aviation,Services,AIXM,Registries,Mapping,GML,Profiling,Governance,;Domains.Aviation, DataModels.Modeling
https://portal.opengeospatial.org/files/?artifact_id=47479;2011;11-107;na;OGC Web Services, Phase 8 (OWS-8);OWS-8 Domain Modelling Cookbook;Domains,Registries,Events,Governance,XML,GML,Services,AIXM,Semantic,Mapping,;Domains.Aviation, DataModels.Modeling
https://portal.opengeospatial.org/files/?artifact_id=46170;2012;11-108;http://www.opengis.net/doc/ER/ows-8-mobile-object- processing;OGC Web Services, Phase 8 (OWS-8);OWS-8 Analysis of OGC Standards for Supporting Mobile Object Processing Implementation (Engineering Report);GML,SWE,XML,Video,Services,Moving Targets,WFS,SOS,Workflows,Architecture,;DataModels.Modeling
https://portal.opengeospatial.org/files/?artifact_id=46171;2011;11-113r1;na;OGC Web Services, Phase 8 (OWS-8);OWS-8 Information Model for Moving Target Indicators and Moving Object Bookmarks (Engineering Report);Mapping,XML,Security,Video,Moving Targets,Services,Conversion,GML,Sensor Web,Events,;DataModels.Modeling
https://portal.opengeospatial.org/files/?artifact_id=45754;2011;11-114;na;OGC Web Services, Phase 8 (OWS-8);OWS 8 Bulk Geodata Transfer with File Geodatabase;XML,Events,Mapping,Profiling,Platforms,Domains,Data Modeling,;Architecture.BigData
https://portal.opengeospatial.org/files/?artifact_id=46793;2011;11-116;na;OGC Web Services, Phase 8 (OWS-8);OWS-8 Geoprocessing for Earth Observations Engineering Report;Services,WCS,Coverage,WCPS,Profiling,GML,Events,XML,Semantic,Workflows,;DataModels.Modeling
https://portal.opengeospatial.org/files/?artifact_id=46037;2011;11-125;na;OGC Web Services, Phase 8 (OWS-8);OWS-8 - GeoSynchronization Best Practices;WFS,Services,Atom,XML,Synchronization,Events,Messaging,GML,Platforms,;Architecture.Synchronization
https://portal.opengeospatial.org/files/?artifact_id=46372;2012;11-134;http://www.opengis.net/doc/ER/ows8-tracking-vmti;OGC Web Services, Phase 8 (OWS-8);OWS-8 Tracking: Moving Target Indicator Process, Workflows and Implementation Results ER;SWE,WFS,GML,Video,SOS,Services,XML,Broker,Moving Targets,Architecture,;Domains.MovingTargets
https://portal.opengeospatial.org/files/?artifact_id=47018;2011;11-139r2;http://www.opengis.net/doc/ows8-summary-report;OGC Web Services, Phase 9 (OWS-9);Summary of the OGC Web Services, Phase 8 (OWS-8) Interoperability Testbed;Services,WFS,Portrayal,Coverage,Aviation,AIXM,GML,WCS,Architecture,Profiling,;IP
https://portal.opengeospatial.org/files/?artifact_id=58922;2014;12-027r3;http://www.opengeospatial.net/doc/DP/wfs-temporality-extension;Testbed-10;OGC Web Feature Service (WFS) Temporality Extension ;AIXM,GML,WFS,Services,XML,Profiling,Aviation,Aeronautical,Events,Data Modeling,;Domains.Aviation, Services.WFS
https://portal.opengeospatial.org/files/?artifact_id=51784&version=1;2012;12-093;http://www.opengeospatial.net/doc/ows9ugas;OGC Web Services, Phase 9 (OWS-9);OWS-9 SSI UGAS Engineering Report;SWE,JSON,GML,XML,Conversion,GeoJSON,REST,Mapping,Services,Profiling,;DataModels.Modeling
https://portal.opengeospatial.org/files/?artifact_id=51807&version=1;2012;12-094;na;OGC Web Services, Phase 9 (OWS-9);OWS-9 Aviation: AIRM Derivation;GML,JSON,Mapping,XML,WXXM,Profiling,Aviation,Architecture,AIXM,Governance,;Domains.Aviation, DataModels.Modeling
https://portal.opengeospatial.org/files/?artifact_id=52783&version=1;2012;12-095;na;OGC Web Services, Phase 9 (OWS-9);OWS-9 Innovation - Coverages: Coverage Access (OPeNDAP) Study;WCS,Coverage,Services,Semantic,GML,Mapping,Aviation,Aeronautical,Compliance,CITE,;DataModels.Modeling
https://portal.opengeospatial.org/files/?artifact_id=52162&version=1;2012;12-096;http://www.opengeospatial.net/doc/OWS9-GPS-SWE;OGC Web Services, Phase 9 (OWS-9);OWS-9  Engineering Report: Use of SWE Common and SensorML for GPS Messaging;SWE,Messaging,Services,SOS,SensorML,Mapping,Workflows,Sensor Web,Aviation,Aeronautical,;Architecture.SensorWeb
https://portal.opengeospatial.org/files/?artifact_id=51998&version=2;2013;12-097;http://www.opengis.net/def/doc-type/per/OWS-9-bulk-data-transfer-gml;OGC Web Services, Phase 9 (OWS-9);OWS-9 Engineering Report - SSI - Bulk Data Transfer (GML Streaming);GML,Services,WFS,Mapping,XML,Aviation,Aeronautical,Profiling,Compliance,Events,;Architecture.BigData
https://portal.opengeospatial.org/files/?artifact_id=51840&version=1;2012;12-103r3;na;OGC Web Services, Phase 9 (OWS-9);OWS-9 CCI Semantic Mediation Engineering Report;Semantic,WFS,Mapping,Services,Ontology,Architecture,Broker,AIXM,Aviation,Profiling,;Semantic.Mappings
https://portal.opengeospatial.org/files/?artifact_id=51888&version=1;2013;12-104;http://www.opengeospatial.net/doc/spegg;OGC Web Services, Phase 9 (OWS-9);OWS-9 Engineering Report - CCI - Single Point of Entry Global Gazetteer;WFS,XML,Semantic,Services,GML,Architecture,Events,Compliance,Profiling,Data Modeling,;Services.WFS
https://portal.opengeospatial.org/files/?artifact_id=52018&version=1;2013;12-105;na;OGC Web Services, Phase 9 (OWS-9);OWS-9 - OWS Context evaluation IP Engineering Report;Atom,GML,OWS Context,Services,XML,Mapping,CSW,WMS,WFS,JSON,;DataModels.Context
https://portal.opengeospatial.org/files/?artifact_id=51806&version=1;2013;12-118;na;OGC Web Services, Phase 9 (OWS-9);OWS-9 Security ER;WFS,Security,Services,GML,CSW,XML,Architecture,Mapping,Profiling,OWS Context,;Architecture.Security
https://portal.opengeospatial.org/files/?artifact_id=51863&version=1;2012;12-119;http://www.opengeospatial.net/doc/OWS9-OGCMobileApps;OGC Web Services, Phase 9 (OWS-9);OWS-9 OWS Innovations Mobile Apps Engineering Report;Services,Synchronization,Security,Architecture,Compliance,Events,Platforms,Mapping,OWS Context,WMS,;Clients.HCI
https://portal.opengeospatial.org/files/?artifact_id=51178&version=1;2012;12-133;na;OGC Web Services, Phase 9 (OWS-9);OGC Web Services Facade for OGC IP Engineering Report ;Services,SOAP,REST,JSON,IP,Security,XML,Mapping,WFS,Events,;Services.Other
https://portal.opengeospatial.org/files/?artifact_id=51833&version=1;2012;12-139;na;OGC Web Services, Phase 9 (OWS-9);OWS‐9 SSI Security Rules Service Engineering Report;Services,XML,Security,Profiling,Architecture,Messaging,Semantic,WFS,Domains,WMS,;Architecture.Security
https://portal.opengeospatial.org/files/?artifact_id=53255&version=1;2013;12-144;na;OGC Web Services, Phase 9 (OWS-9);OWS-9 Architecture - Registry Engineering Report;Services,Registries,Events,Aviation,Data quality,AIXM,GML,Profiling,Mapping,Security,;Domains.Aviation
https://portal.opengeospatial.org/files/?artifact_id=52126&version=1;2012;12-145;na;OGC Web Services, Phase 9 (OWS-9);OWS-9 Aviation Metadata & Provenance Engineering Report;AIXM,WFS,Services,GML,Aviation,Registries,Profiling,Domains,XML,CSW,;Domains.Aviation
https://portal.opengeospatial.org/files/?artifact_id=51823&version=1;2013;12-147;htp://www.opengeospatial.net/doc/OWS-9AviationArchitectureEngineeringReport;OGC Web Services, Phase 9 (OWS-9);OWS-9 Aviation Architecture Engineering Report;Services,AIXM,Events,WFS,Messaging,GML,Aviation,Profiling,Compliance,Mapping,;Domains.Aviation
https://portal.opengeospatial.org/files/?artifact_id=51898&version=1;2012;12-151;na;OGC Web Services, Phase 9 (OWS-9);OWS-9 Aviation Portrayal Engineering Report;Mapping,Services,Events,WFS,Architecture,Portrayal,Messaging,Aviation,Workflows,Registries,;Domains.Aviation, Clients.Portrayal
https://portal.opengeospatial.org/files/?artifact_id=51844&version=1;2013;12-152;http://www.opengeospatial.net/doc/ows9/cite-guide;OGC Web Services, Phase 9 (OWS-9);OWS-9 CITE Help Guide Engineering Report;CITE,Services,Messaging,Events,Compliance,GML,Profiling,XML,WFS,WMS,;Compliance.CITE
https://portal.opengeospatial.org/files/?artifact_id=51889&version=1;2012;12-154;na;OGC Web Services, Phase 9 (OWS-9);OWS-9 OWS Innovations GMLJP2 for NITF Engineering Report;GML,Mapping,Events,Coverage,Security,XML,Profiling,Cloud,Semantic,Services,;DataModels.Other
https://portal.opengeospatial.org/files/?artifact_id=51891&version=1;2013;12-155;na;OGC Web Services, Phase 9 (OWS-9);OWS-9 OWS Innovations WCS for LIDAR Engineering Report;GML,WCS,Services,Coverage,LiDAR,Aviation,Aeronautical,Compliance,Security,Profiling,;Services.WCS, DataModels.LiDAR
https://portal.opengeospatial.org/files/?artifact_id=51842&version=1;2013;12-156;http://www.opengeospatial.net/doc/OWS-9-ER-RAP;OGC Web Services, Phase 9 (OWS-9);OWS-9 Reference Architecture Profile (RAP) Advisor Engineering Report;Services,Profiling,Architecture,Domains,Compliance,Workflows,Mapping,WMS,Events,XML,;IP
https://portal.opengeospatial.org/files/?artifact_id=52054&version=1;2013;12-157;na;OGC Web Services, Phase 9 (OWS-9);OWS-9 Engineering Report - OWS Innovations - Map Tiling Methods Harmonization;WMTS,Profiling,Services,Mapping,WMS,REST,Architecture,Events,XML,SOAP,;Services.WMTS, Architecture.REST
https://portal.opengeospatial.org/files/?artifact_id=51817&version=1;2012;12-158;na;OGC Web Services, Phase 9 (OWS-9);OWS-9 Report on Aviation Performance Study;GML,AIXM,Events,Services,WFS,Aviation,Workflows,Architecture,XML,Aeronautical,;Domains.Aviation
https://portal.opengeospatial.org/files/?artifact_id=51818&version=1;2012;12-159;na;OGC Web Services, Phase 9 (OWS-9);OWS-9 CCI Conflation with Provenance Engineering Report;Services,Architecture,Workflows,Profiling,GML,Events,WFS,Mapping,XML,Semantic,;DataModels.Modeling
https://portal.opengeospatial.org/files/?artifact_id=51906&version=1;2013;12-160;na;OGC Web Services, Phase 9 (OWS-9);OWS-9 Data Quality for Web Mapping ER;IP,WMS,Mapping,Services,Events,Data quality,Semantic,XML,Data Modeling,;Services.WMS
https://portal.opengeospatial.org/files/?artifact_id=51911&version=1;2012;12-162r1;http.//www.opengeospatial.net/doc/ows9_wcs_conformance_testing_ER;OGC Web Services, Phase 9 (OWS-9);WCS Conformance Testing;WCS,Services,Coverage,Profiling,WCPS,GML,XML,Messaging,Events,SOAP,;Compliance.WCS
https://portal.opengeospatial.org/files/?artifact_id=51812&version=1;2012;12-163;na;OGC Web Services, Phase 9 (OWS-9);OWS-9 Data Transmission Management;Messaging,Services,SOAP,AIXM,IP,Events,Linked Data,Architecture,XML,Security,;Domains.Aviation, Clients.Communication
https://portal.opengeospatial.org/files/?artifact_id=53036;2013;13-011;http://www.opengis.net/def/doc-type/per/ows-9-summary;OGC Web Services, Phase 9 (OWS-9);Summary of the OGC Web Services, Phase 9 (OWS-9) Interoperability Testbed;Services,Aviation,Mapping,Security,Architecture,Events,Semantic,Compliance,CITE,Governance,;IP
https://portal.opengeospatial.org/files/?artifact_id=58995;2014;14-000;http://www.opengis.net/doc/ER/testbed10/gml-for-aviation-conformance;Testbed-10;Testbed 10 Engineering Report: GML for Aviation Conformance Testing;GML,AIXM,Aviation,Compliance,Aeronautical,REST,Profiling,Events,Coverage,;Domains.Aviation, DataModels.Modeling
https://portal.opengeospatial.org/files/?artifact_id=58967&version=2;2014;14-001;http://www.opengis.net/doc/ER/testbed10/provenance;Testbed-10;Testbed 10 Provenance Engineering Report;RDF,GML,Mapping,Services,XML,WFS,Profiling,Data Modeling,Domains,Ontology,;DataModels.Provenance
https://portal.opengeospatial.org/files/?artifact_id=58965&version=4;2014;14-002;http://www.opengeospatial.net/doc/PER/testbed10/annotations;Testbed-10;Testbed 10 Annotations Engineering Report;GML,Atom,Mapping,KML,XML,OWS Context,Data Modeling,Services,Aviation,JSON,;DataModels.Modeling
https://portal.opengeospatial.org/files/?artifact_id=59793;2014;14-006r1;http://www.opengeospatial.net/doc/PER/testbed10/exchange- terrain-data;Testbed-10;Testbed 10 Recommendations for Exchange of Terrain Data;Services,GML,Coverage,XML,Data Formats,Aviation,Cloud,Profiling,Compliance,Aeronautical,;Domains.Aviation, DataModels.Modeling
https://portal.opengeospatial.org/files/?artifact_id=58931;2014;14-007;http://www.opengeospatial.net/doc/PER/testbed10/aviation-binding- aixm-tools;Testbed-10;Testbed 10 Report on Aviation Binding AIXM to Development Tools;AIXM,Events,Aviation,Aeronautical,Messaging,GML,XML,Services,Mapping,Semantic,;Domains.Aviation
https://portal.opengeospatial.org/files/?artifact_id=58927;2014;14-008;http://www.opengeospatial.net/doc/PER/testbed10/aviation-architecture;Testbed-10;Testbed 10 Report on Aviation Architecture;Services,AIXM,WFS,FIXM,GML,Events,Aviation,WCS,Architecture,Workflows,;Domains.Aviation
https://portal.opengeospatial.org/files/?artifact_id=57477&version=3;2014;14-009r1;http://www.opengeospatial.net/doc/PER/owc-json ;Testbed-10;Testbed-10 Rules for JSON and GeoJSON Adoption: Focus on OWS-Context;JSON,GeoJSON,Services,OWS Context,XML,Atom,CSW,Mapping,Events,GML,;DataModels.Modeling
https://portal.opengeospatial.org/files/?artifact_id=58892&version=2;2014;14-013r1;http://www.opengis.net/doc/ER/testbed10/wis;Testbed-10;Testbed-10 Service Integration Engineering Report;Services,WMS,Mapping,WMTS,WFS,XML,WCS,WIS,Coverage,CSW,;Services.Other
https://portal.opengeospatial.org/files/?artifact_id=58925&version=2;2014;14-016;http://www.opengeospatial.net/doc/PER/testbed10/cci-vgi;Testbed-10;Testbed-10 CCI VGI Engineering Report;OM,SOS,Services,WFS,Data Modeling,SWE,Events,GML,Semantic,Ontology,;Domains.CrowdSourcing
https://portal.opengeospatial.org/files/?artifact_id=57334&version=2;2014;14-017;http://www.opengis.net/doc/ER/testbed10/owscontextinniem;Testbed-10;Testbed 10 OWS Context in NIEM Engineering Report;OWS Context,Atom,Services,Messaging,Events,WMTS,Security,GML,Domains,XML,;DataModels.Modeling
https://portal.opengeospatial.org/files/?artifact_id=57336&version=5;2014;14-021r2;http://www.opengis.net/doc/ER/testbed10/cci-profile-interoperability;Testbed-10;Testbed 10 Cross Community Interoperability (CCI) Profile Interoperability Engineering Report;Profiling,WFS,WMS,Services,Mapping,Architecture,Messaging,Events,Compliance,XML,;Services.WMS, Services.WFS
https://portal.opengeospatial.org/files/?artifact_id=59618&version=3;2014;14-028r1;http://www.opengis.net/doc/ER/testbed10/cloud-performance;Testbed-10;Performance of OGC® Services in the Cloud: The WMS, WMTS, and WPS cases ;Cloud,Services,Mapping,WMTS,WMS,OpenSearch,Architecture,CSW,WCS,Events,;Architecture.Cloud
https://portal.opengeospatial.org/files/?artifact_id=59336&version=2;2014;14-029r2;http://www.opengeospatial.net/doc/PER/testbed10/virtual-gaz;Testbed-10;Testbed 10 Virtual Global Gazetteer Engineering Report;WFS,Services,Semantic,Mapping,RDF,GML,Ontology,Linked Data,XML,Architecture,;Semantic.Mappings
https://portal.opengeospatial.org/files/?artifact_id=58956;2014;14-037;http://www.opengeospatial.net/doc/PER/testbed10/fixm-gml-schema;Testbed-10;Testbed 10 Flight Information Exchange Model GML Schema;FIXM,XML,GML,AIXM,WXXM,Profiling,Services,Compliance,Aeronautical,Aviation,;Domains.Aviation, DataModels.Modeling
https://portal.opengeospatial.org/files/?artifact_id=58117;2014;14-038r1;http://www.opengeospatial.net/doc/PER/testbed10/wcs-wgds-adapter;Testbed-10;Testbed 10 Engineering Report: Aviation Dissemination of Weather Data;WCS,Services,SOAP,Aviation,GML,SWE,Coverage,OM,Events,WXXM,;Domains.Aviation
https://portal.opengeospatial.org/files/?artifact_id=58929;2014;14-039;http://www.opengeospatial.net/doc/PER/testbed10/aviation-portrayal-notams;Testbed-10;Testbed 10 Aviation Human Factor Based Portrayal of Digital NOTAMs ER;AIXM,Portrayal,Aviation,Events,GML,Aeronautical,Compliance,Services,Messaging,Linked Data,;Domains.Aviation
https://portal.opengeospatial.org/files/?artifact_id=58944&version=2;2014;14-048;http://www.opengeospatial.net/doc/PER/testbed10/cci-hydro-model;Testbed-10;Testbed 10 Cross Community Interoperability (CCI) Hydro Model Interoperability Engineering Report;Mapping,Services,Semantic,Data Modeling,Events,Architecture,Hydrology,Domains,Catalog,WFS,;Domains.Hydrology, DataModels.Modeling
https://portal.opengeospatial.org/files/?artifact_id=58974&version=2;2014;14-049;http://www.opengeospatial.net/doc/PER/testbed10/cci-ontology;Testbed-10;Testbed 10 Cross Community Interoperability (CCI) Ontology Engineering Report;Ontology,Mapping,Semantic,Domains,RDF,Events,Services,Taxonomy,Disaster Management,Security,;Semantic.Registries, DataModels.Modeling, Domains.DisasterManagement
https://portal.opengeospatial.org/files/?artifact_id=59059&version=2;2014;14-058r1;na;Testbed-10;Testbed 10 OpenMobility GeoPackaging Engineering Report - GeoPackage;Services,WFS,Synchronization,XML,WMTS,Events,GML,Profiling,OWS Context,JSON,;DataStorage.GeoPackage
https://portal.opengeospatial.org/files/?artifact_id=66905&version=2;2015;15-010r4;http://www.opengis.net/doc/PER/tb-11-WFST_IEA;Testbed-11;Testbed-11 WFS-T Information Exchange Architecture;WFS,GML,Services,REST,XML,JSON,Synchronization,Mapping,Profiling,GeoJSON,;Services.WFS
https://portal.opengeospatial.org/files/?artifact_id=66906&version=1;2015;15-011r2;http://www.opengis.net/doc/PER/tb-11-WFS-T-IER;Testbed-11;Testbed-11 Multiple WFS-T Interoperability;WFS,Synchronization,Services,Events,GML,XML,REST,Atom,GeoJSON,Video,;Services.WFS
https://portal.opengeospatial.org/files/?artifact_id=63312&version=2;2015;15-022;http://www.opengis.net/doc/PER/t11-common-security;Testbed-11;Testbed-11 Engineering Report: Implementing Common Security Across the OGC Suite of Service Standards;Services,Security,XML,WMS,SOAP,WFS,Messaging,GML,Mapping,WMTS,;Architecture.Security
https://portal.opengeospatial.org/files/?artifact_id=63794&version=2;2015;15-024r2;http://www.opengis.net/doc/PER/tb11-sbvr-guidance;Testbed-11;Testbed 11 Aviation - Guidance on Using Semantics of Business Vocabulary and Business Rules (SBVR) Engineering Report;AIXM,XML,Events,Profiling,Mapping,OCL,Aviation,Semantic,Architecture,Governance,;Domains.Aviation
https://portal.opengeospatial.org/files/?artifact_id=63793&version=2;2015;15-025r2;http://www.opengis.net/doc/PER/t11-aviation-arch;Testbed-11;Testbed 11 Aviation - Architecture Engineering Report;Services,WFS,Aviation,AIXM,Broker,Architecture,Mapping,Aeronautical,Portrayal,Events,;Domains.Aviation
https://portal.opengeospatial.org/files/?artifact_id=63306&version=2;2015;15-026;http://www.opengis.net/doc/PER/t11-aviation-feature-schema;Testbed-11;Testbed-11 Aviation Feature Schema Recommendations Engineering Report;GML,Aviation,AIXM,Profiling,Mapping,Portrayal,XML,Compliance,WFS,WXXM,;Domains.Aviation, DataModels.Modeling
https://portal.opengeospatial.org/files/?artifact_id=64141&version=2;2015;15-027r1;http://www.opengis.net/doc/PER/t11-notam-validation;Testbed-11;Testbed 11 Digital Notice to Airmen (NOTAM) Validation and Enrichment Service Engineering Report;Services,AIXM,Events,WFS,Aeronautical,Aviation,GML,Architecture,Workflows,Data Formats,;Domains.Aviation
https://portal.opengeospatial.org/files/?artifact_id=63281&version=2;2015;15-028;http://www.opengis.net/doc/PER/t11-data-broker-aviation;Testbed-11;Testbed-11 Data Broker Specifications Engineering Report;Broker,WFS,Services,AIXM,Architecture,GML,Mapping,Aviation,Aeronautical,Events,;Domains.Aviation
https://portal.opengeospatial.org/files/?artifact_id=65451&version=2;2015;15-030r3;http://www.opengis.net/doc/PER/tb11-geo4niem-roundtrip;Testbed-11;Testbed 11 Geospatial Enhancement for the National Information Exchange Model (Geo4NIEM) Round Trip Engineering Report;GML, WFS, Security, Services, XML, Architecture, Messaging, Workflows, Profiling, Conversion;DataModels.Other
https://portal.opengeospatial.org/files/?artifact_id=64174&version=2;2015;15-046r2;http://www.opengis.net/doc/PER/testbed11_ucr_flood_er;Testbed-11;Testbed-11 High Resolution Flood Information Scenario Engineering Report;Services,Mapping,WFS,Synchronization,WCPS,Domains,Events,Architecture,GML,WCS,;Domains.DisasterManagement
https://portal.opengeospatial.org/files/?artifact_id=65418&version=2;2015;15-047r3;http://www.opengis.net/doc/PER/tb-11-geo4niem-wfs-api;Testbed-11;Testbed-11 NIEM-IC Feature Processing API using OGC Web Services;WFS,Security,Services,XML,GML,Architecture,Data Formats,Profiling,Semantic,Events,;DataModels.Other
https://portal.opengeospatial.org/files/?artifact_id=65420&version=2;2015;15-048r3;http://www.opengis.net/doc/PER/t11-niem-encoding;Testbed-11;OGC Testbed-11 NIEM & IC Data Encoding Specification Assessment and Recommendations Engineering Report;WFS,Security,GML,Services,XML,Architecture,Profiling,Data Formats,Events,Governance,;DataModels.Other
https://portal.opengeospatial.org/files/?artifact_id=65421&version=3;2015;15-050r3;http://www.opengis.net/doc/PER/ tb11-niem-ic-data;Testbed-11;OGC Testbed-11 Test and Demonstration Results for NIEM using IC Data Encoding Specifications Engineering Report;Security,WFS,Services,GML,XML,Architecture,Data Formats,Profiling,Domains,Events,;DataModels.Other
https://portal.opengeospatial.org/files/?artifact_id=65419&version=2;2015;15-051r3;http://www.opengis.net/doc/PER/tb11-geo4niem-arch;Testbed-11;Testbed-11 OGC IP Engineering Report Geo4NIEM Architecture Design and Implementation Guidance and Fact Sheet;Security,Services,WFS,GML,XML,Architecture,Profiling,Data Formats,Events,IP,;DataModels.Other
https://portal.opengeospatial.org/modules/files/details.php?m=projects&a=view&project_id=82&tab=0&artifact_id=34918;2015;15-052r1;http://www.opengis.net/doc/PER/tb11_rest_er;Testbed-11;Testbed 11 REST Interface Engineering Report;REST,Services,WFS,WMTS,XML,Atom,Architecture,Mapping,GML,Messaging,;Architecture.REST
https://portal.opengeospatial.org/files/?artifact_id=64595&version=1;2015;15-053r1;http://www.opengis.net/doc/PER/tb-11-geojson-in-ogc;Testbed-11;Testbed 11 Implementing JSON/GeoJSON in an OGC Standard Engineering Report;JSON,GeoJSON,JSON-LD,OWS Context,WMTS,XML,Services,RDF,Mapping,WFS,;DataModels.Modeling
https://portal.opengeospatial.org/files/?artifact_id=64405&version=2;2015;15-054;http://www.opengis.net/doc/PER/t11-linked-data;Testbed-11;Testbed-11 Implementing Linked Data and Semantically Enabling OGC Services Engineering Report;Semantic,RDF,Ontology,Linked Data,Services,Mapping,REST,Domains,Portrayal,Architecture,;Semantic.LinkedData
https://portal.opengeospatial.org/files/?artifact_id=64382&version=2;2015;15-056;http://www.opengis.net/doc/PER/t11-cat-discovery;Testbed-11;Testbed-11 Catalogue Service and Discovery Engineering Report;CSW,Services,RDF,Semantic,Catalog,OpenSearch,Mapping,Ontology,Hydrology,Architecture,;Services.CSW, Semantic.Mediation
https://portal.opengeospatial.org/files/?artifact_id=64353&version=2;2015;15-057r2;http://www.opengeospatial.net/doc/PER/t11-social-media-in-EM;Testbed-11;Testbed-11 Incorporating Social Media in Emergency Response Engineering Report;Ontology,SOS,Linked Data,RDF,Services,Platforms,Semantic,REST,Architecture,Mapping,;Domains.DisasterManagement
https://portal.opengeospatial.org/files/?artifact_id=64385&version=3;2015;15-058;http://www.opengis.net/doc/PER/tb11-symbology-mediation;Testbed-11;Testbed-11 Symbology Mediation Engineering Report;RDF,Ontology,Mapping,Portrayal,Semantic,Services,Linked Data,Taxonomy,REST,Domains,;Semantic.Mappings, Clients.Portrayal
https://portal.opengeospatial.org/files/?artifact_id=64145&version=2;2015;15-065r1;http://www.opengis.net/doc/PER/t11-referenceable-grid;Testbed-11;Testbed11 Referenceable Grid Harmonization Engineering Report;GML,Coverage,SensorML,Domains,Cloud,Compliance,SWE,Governance,Services,Events,;DataModels.Modeling
https://portal.opengeospatial.org/files/?artifact_id=64173&version=2;2015;15-066r1;http://www.opengis.net/doc/PER/t11-linked-data-nhd;Testbed-11;Testbed-11 Use of Semantic Linked Data with RDF for National Map NHD and Gazetteer Data Engineering Report;Linked Data,WFS,RDF,Semantic,Services,CSW,Mapping,JSON-LD,Architecture,Cloud,;Semantic.LinkedData
https://portal.opengeospatial.org/files/?artifact_id=63663&version=2;2015;15-067;http://www.opengis.net/doc/PER/T11-geopackage-terrain;Testbed-11;Testbed-11 Multi-dimensional GeoPackage Supporting Terrain and Routes Engineering Report;Coverage,Data Modeling,Services,GML,Governance,Events,WFS,WCS,Mapping,Architecture,;DataStorage.GeoPackage
https://portal.opengeospatial.org/files/?artifact_id=64189&version=3;2015;15-068r2;http://www.opengis.net/doc/PER/tb11-geopackaging;Testbed-11;Testbed-11 GeoPackaging Engineering Report;Synchronization,WFS,Services,OWS Context,Events,Governance,GML,Mapping,Profiling,XML,;DataStorage.GeoPackage
https://portal.opengeospatial.org/files/?artifact_id=65887&version=1;2015;15-073r2;http://www.opengis.net/doc/PER/t11-dgiwg-gmljp2;Testbed-11;Testbed-11 DGIWG GMLJP2 testing results Engineering Report;Compliance,GML,Profiling,XML,Events,Security,WCS,Services,Mapping,Coverage,;DataModels.Other
https://portal.opengeospatial.org/files/?artifact_id=64406&version=2;2015;15-077r1;http://www.opengis.net/doc/PER/tb11-SOAP;Testbed-11;Testbed-11 SOAP Interface Engineering Report: Comparison on the Usage of SOAP Across OGC Web service interfaces;SOAP,Services,XML,CSW,WCS,WFS,Coverage,SOS,WCPS,Messaging,;Architecture.SOAP
https://portal.opengeospatial.org/files/?artifact_id=64761&version=1;2015;15-083;http://www.opengis.net/doc/PER/testbed11_summary_er;Testbed-11;Testbed 11 Summary Engineering Report;Aviation,Security,Semantic,Linked Data,Compliance,Governance,Services,WFS,Architecture,IP,;IP
http://docs.opengeospatial.org/per/15-118r1.html;2016;15-118r1;http://www.opengis.net/doc/PER/IMIS-Profile-recs4-OWS;Incident Management Information Sharing (IMIS) Internet of Things (IOT) Pilot;Incident Management Information Sharing Profile Recommendations for OGC Web Services Engineering Report;SOS,Services,WFS,WMS,Events,XML,GML,Profiling,Catalog,Mapping,;Domains.InternetOfThings
http://docs.opengeospatial.org/per/16-014r2.html;2016;16-014r2;http://www.opengis.net/doc/PER/imis_iot;Incident Management Information Sharing (IMIS) Internet of Things (IOT) Pilot;Incident Management Information Sharing (IMIS) Internet of Things (IoT) Architecture Engineering Report;Services,Events,SOS,Catalog,Mapping,Architecture,SWE,WMS,Platforms,Cloud,;Domains.InternetOfThings
http://docs.opengeospatial.org/per/16-017.html;2017;16-017;http://www.opengis.net/doc/PER/t12-E003;Testbed-12;Testbed-12 Asynchronous Messaging for Aviation;Messaging,PubSub,AIXM,Services,Architecture,Events,Broker,Aviation,Profiling,SOAP,;Domains.Aviation
http://docs.opengeospatial.org/per/16-018.html;2017;16-018;http://www.opengis.net/doc/PER/t12-E005;Testbed-12;Testbed-12 Aviation Architecture Engineering Report;Aviation,Architecture,Services,WFS,AIXM,Broker,Messaging,FIXM,PubSub,Catalog,;Domains.Aviation
http://docs.opengeospatial.org/per/16-020.html;2017;16-020;http://www.opengis.net/doc/PER/t12-A087;Testbed-12;Testbed-12 ShapeChange Engineering Report;RDF,Profiling,Ontology,Conversion,Mapping,XML,OCL,JSON,NAS,JSON-LD,;DataModels.Modeling
http://docs.opengeospatial.org/per/16-021r1.html;2017;16-021r1;http://www.opengis.net/doc/PER/t12-U001;Testbed-12;Testbed-12 Low Bandwidth & Generalization Engineering Report;WFS,Profiling,Services,Events,XML,GML,Mapping,JSON,Architecture,GeoJSON,;Clients.Communication
http://docs.opengeospatial.org/per/16-022.html;2017;16-022;http://www.opengis.net/doc/PER/t12-A079;Testbed-12;Testbed-12 WPS Conflation Service Profile Engineering Report;Profiling,Services,REST,JSON,Events,XML,Mapping,Data quality,GML,Workflows,;DataModels.Modeling
http://docs.opengeospatial.org/per/16-023r3.html;2017;16-023r3;http://www.opengis.net/doc/PER/t12-A067;Testbed-12;Testbed-12 Implementing Asynchronous Services Response Engineering Report;Services,WFS,SOAP,Messaging,PubSub,Semantic,Events,XML,Asynchronous Communication,WCS,;Architecture.AsynchronousCommunication, Clients.Communication
http://docs.opengeospatial.org/per/16-024r2.html;2017;16-024r2;http://www.opengis.net/doc/PER/t12-E001;Testbed-12;Testbed-12 — Catalog Services for Aviation;Services,Registries,Catalog,Profiling,OpenSearch,Aviation,Domains,NAS,WFS,Governance,;Services.CSW, Domains.Aviation
http://docs.opengeospatial.org/per/16-027.html;2017;16-027;http://www.opengis.net/doc/PER/t12-A090;Testbed-12;Testbed-12 Web Service Implementation Engineering Report;Services,Profiling,Security,WFS,WCS,Mapping,WMS,CSW,SOS,PubSub,;Services.CSW, Services.SOS, Services.WCS, Services.WMS, Services.WMTS, Services.WPS, Services.WFS, Services.Other
http://docs.opengeospatial.org/per/16-028r1.html;2017;16-028r1;http://www.opengis.net/doc/PER/t12-F011;Testbed-12;Testbed-12 FIXM GML Engineering Report;FIXM,GML,XML,AIXM,Services,WFS,Aviation,Profiling,WXXM,Domains,;Domains.Aviation, DataModels.FIXM
http://docs.opengeospatial.org/per/16-029r1.html;2017;16-029r1;http://www.opengis.net/doc/PER/t12-A082;Testbed-12;Testbed-12 GeoPackage Routing and Symbology Engineering Report;Mapping,Events,Governance,JSON,Data Modeling,;DataStorage.GeoPackage
http://docs.opengeospatial.org/per/16-030.html;2017;16-030;http://www.opengis.net/doc/PER/t12-A083;Testbed-12;Testbed-12 Testbed-12 GeoPackage Mobile Apps Integration Engineering Report;Mapping,Messaging,Cloud,Events,Services,Platforms,Architecture,;DataStorage.GeoPackage, Clients.HCI
http://docs.opengeospatial.org/per/16-031r1.html;2017;16-031r1;http://www.opengis.net/doc/PER/t12-A085;Testbed-12;Testbed-12 GeoPackage Change Request Evaluations;Events,Mapping,Vector Tiles,Profiling,Semantic,;DataStorage.GeoPackage
http://docs.opengeospatial.org/per/16-033r1.html;2017;16-033r1;http://www.opengis.net/doc/PER/t12-NA004;Testbed-12;Testbed-12 WCS Profile Update Engineering Report;WCS,Profiling,Coverage,Services,GML,SWE,Events,Compliance,OM,Domains,;Services.WCS
http://docs.opengeospatial.org/per/16-034.html;2017;16-034;http://www.opengis.net/doc/PER/t12-A071;Testbed-12;Testbed-12 LiDAR Streaming Engineering Report;LiDAR,SOS,Cloud,SWE,Services,Sensor Web,SensorML,Data Modeling,GML,Events,;Services.SOS, DataModels.LiDAR
http://docs.opengeospatial.org/per/16-035.html;2017;16-035;http://www.opengis.net/doc/PER/t12-A005-1;Testbed-12;Testbed-12 REST Architecture Engineering Report;REST,Architecture,Services,NAS,WMS,WFS,Coverage,JSON,WMTS,Mapping,;Architecture.REST, Services.WMS, Services.WPS
http://docs.opengeospatial.org/per/16-036r1.html;2017;16-036r1;http://www.opengis.net/doc/PER/t12-A076;Testbed-12;Testbed-12 Big Data Database Engineering Report;Big Data,Services,Events,Sensor Web,SWE,Architecture,Data Modeling,XML,Domains,Compliance,;Architecture.BigData
http://docs.opengeospatial.org/per/16-037.html;2017;16-037;http://www.opengis.net/doc/PER/t12-B004;Testbed-12;Testbed-12 GeoPackage US Topo Engineering Report;Services,Mapping,WMTS,Portrayal,Events,WMS,JSON,Conversion,XML,Profiling,;DataStorage.GeoPackage, Clients.Portrayal
http://docs.opengeospatial.org/per/16-038.html;2017;16-038;http://www.opengis.net/doc/PER/t12-A081;Testbed-12;Testbed-12 NSG GeoPackage Profile Assessment Engineering Report;Profiling,Vector Tiles,Events,Services,Coverage,XML,;DataModels.Vector Tiling, DataStorage.Geopackage
http://docs.opengeospatial.org/per/16-039r2.html;2017;16-039r2;http://www.opengis.net/doc/PER/t12-F002;Testbed-12;Testbed-12 Aviation Semantics Engineering Report;Semantic,Aviation,Services,RDF,Ontology,Taxonomy,Profiling,Aeronautical,Domains,Events,;DataModels.Modeling, Domains.Aviation
http://docs.opengeospatial.org/per/16-040r1.html;2017;16-040r1;http://www.opengis.net/doc/PER/tb12-F001;Testbed-12;Testbed-12 Aviation Security Engineering Report;Security,Aviation,Services,Architecture,Messaging,Domains,Profiling,SOAP,XML,Aeronautical,;Architecture.Security, Domains.Aviation
http://docs.opengeospatial.org/per/16-041r1.html;2017;16-041r1;http://www.opengis.net/doc/PER/t12-A080;Testbed-12;Testbed-12 WPS ISO Data Quality Service Profile Engineering Report;Data quality,GML,Services,Quality of Service,XML,Domains,Workflows,Atom,Profiling,Architecture,;DataModels.Modeling
http://docs.opengeospatial.org/per/16-042r1.html;2017;16-042r1;http://www.opengis.net/doc/PER/t12-NA005;Testbed-12;Testbed-12 WMS/WMTS Enhanced Engineering Report;WMS,WMTS,Domains,GML,Services,Mapping,Semantic,REST,WFS,Events,;Services.WMS, Services.WMTS
http://docs.opengeospatial.org/per/16-043.html;2017;16-043;http://www.opengis.net/doc/PER/t12-A078;Testbed-12;Testbed-12 Web Integration Service;Services,WMS,WIS,Mapping,XML,WMTS,WFS,WCS,CSW,Coverage,;Services.Other
http://docs.opengeospatial.org/per/16-044.html;2017;16-044;http://www.opengis.net/doc/PER/t12-A011-3;Testbed-12;Testbed-12 Web Feature Service Synchronization;Synchronization,WFS,Services,XML,REST,GML,Events,JSON,Architecture,GeoJSON,;Architecture.AsynchronousCommunication, Clients.Communication, Services.WFS
http://docs.opengeospatial.org/per/16-045r2.html;2017;16-045r2;http://www.opengis.net/doc/PER/t12-E002;Testbed-12;Testbed-12 Data Broker Engineering Report;Broker,WFS,Services,WMS,AIXM,Portrayal,CSW,XML,GML,Architecture,;Domains.Aviation, DataModels.Modeling
http://docs.opengeospatial.org/per/16-046r1.html;2017;16-046r1;http://www.opengis.net/doc/PER/t12-A006;Testbed-12;Testbed-12 Semantic Enablement Engineering Report;Semantic,Services,Ontology,Registries,Mapping,RDF,Aviation,REST,Portrayal,JSON-LD,;Semantic.Registries, DataModels.Modeling
http://docs.opengeospatial.org/per/16-047r1.html;2017;16-047r1;http://www.opengis.net/doc/PER/t12-A075;Testbed-12;Testbed-12 General Feature Model Engineering Report;WOS,Services,XML,WFS,Events,Semantic,CSW,Platforms,Architecture,Linked Data,;DataModels.Modeling
http://docs.opengeospatial.org/per/16-048r1.html;2017;16-048r1;http://www.opengis.net/doc/PER/t12-A065;Testbed-12;Testbed-12 OWS Common Security Extension ER;Security,Services,SOAP,WFS,Profiling,WMS,XML,WMTS,Messaging,WCS,;Architecture.Security
http://docs.opengeospatial.org/per/16-049r1.html;2017;16-049r1;http://www.opengis.net/doc/PER/t12-A077;Testbed-12;Testbed-12 Multi-Tile Retrieval ER;WMTS,Services,Big Data,Messaging,Events,XML,Mapping,Security,WMS,IP,;DataModels.Vector Tiling
http://docs.opengeospatial.org/per/16-050.html;2017;16-050;http://www.opengis.net/doc/PER/t12-DG003;Testbed-12;Testbed-12 Imagery Quality and Accuracy Engineering Report;Domains,XML,Data quality,WMTS,Coverage,Mapping,Cloud,Semantic,Services,GML,;DataModels.Modeling
http://docs.opengeospatial.org/per/16-051.html;2017;16-051;http://www.opengis.net/doc/PER/t12-A005-2;Testbed-12;Testbed-12 Javascript-JSON-JSON-LD Engineering Report;JSON,JSON-LD,Services,Coverage,WMS,RDF,Conversion,XML,GeoJSON,Architecture,;Semantic.LinkedData
http://docs.opengeospatial.org/per/16-052.html;2017;16-052;http://www.opengis.net/doc/PER/t12-A073;Testbed-12;Testbed-12 OWS Context / Capabilities Engineering Report;OWS Context,Services,WMS,Mapping,Atom,OpenSearch,XML,Events,NEO,GML,;DataModels.Modeling, DataModels.Context
http://docs.opengeospatial.org/per/16-053r1.html;2017;16-053r1;http://www.opengis.net/doc/PER/t12-A086;Testbed-12;Testbed-12 OWS Context: JSON, JSON-LD and HTML5 ER;OWS Context,JSON-LD,Mapping,JSON,GeoJSON,Semantic,Events,RDF,XML,Atom,;DataModels.Modeling, Semantic.LinkedData
http://docs.opengeospatial.org/per/16-055.html;2017;16-055;http://www.opengis.net/doc/PER/t12-A069;Testbed-12;Testbed-12 Compression Techniques Engineering Report;XML,WFS,Services,Events,GML,Governance,GeoJSON,Profiling,Architecture,Platforms,;Clients.Communication
http://docs.opengeospatial.org/per/16-056.html;2017;16-056;http://www.opengis.net/doc/PER/t12-A005-3;Testbed-12;Testbed-12 TopoJSON, GML Engineering Report;TopoJSON,GML,WFS,Services,GeoJSON,Events,JSON,XML,Mapping,Architecture,;DataModels.Modeling
http://docs.opengeospatial.org/per/16-059.html;2017;16-059;http://www.opengis.net/doc/PER/t12-A066;Testbed-12;Testbed-12 Semantic Portrayal, Registry and Mediation Engineering Report;Semantic,Registries,Portrayal,Services,JSON,Mapping,RDF,DCAT,Ontology,REST,;Semantic.Registries, DataModels.Modeling, Semantic.LinkedData
http://docs.opengeospatial.org/per/16-061.html;2017;16-061;http://www.opengis.net/doc/PER/t12-E004;Testbed-12;Testbed-12 Aviation SBVR Engineering Report;AIXM,Aviation,Services,Events,Governance,Semantic,Domains,FIXM,GML,XML,;Domains.Aviation
http://docs.opengeospatial.org/per/16-062.html;2017;16-062;http://www.opengis.net/doc/PER/t12-A072;Testbed-12;Testbed-12 Catalogue and SPARQL Engineering Report;DCAT,Services,CSW,RDF,Profiling,XML,OpenSearch,Semantic,Registries,Mapping,;Semantic.LinkedData, Semantic.Registries
http://docs.opengeospatial.org/per/16-063.html;2017;16-063;http://www.opengis.net/doc/PER/t12-B003;Testbed-12;Testbed-12 Arctic Spatial Data Infrastructure Engineering Report;Arctic,WMS,WFS,Services,WCS,Mapping,Profiling,Governance,Architecture,Domains,;Domains.Arctic
http://docs.opengeospatial.org/per/16-067r4.html;2017;16-067r4;http://www.opengis.net/doc/PER/t12-A068;Testbed-12;Testbed-12 Vector Tiling Implementation Engineering Report;Vector Tiles,GeoJSON,Events,Services,Mapping,WMTS,JSON,;DataModels.Vector Tiling
http://docs.opengeospatial.org/per/16-068r4.html;2017;16-068r4;http://www.opengis.net/doc/PER/t12-A008;Testbed-12;Testbed-12 Vector Tiling Engineering Report;Vector Tiles,Mapping,Services,WMTS,CDB,I3S,Profiling,3D Tiles,Events,WFS,;DataModels.3DTiles, DataModels.I3S, DataModels.VectorTiling, DataModels.CDB
http://docs.opengeospatial.org/per/16-092r2.html;2016;16-092r2;http://www.opengis.net/doc/PER/imis_iot_ext;Incident Management Information Sharing (IMIS) Internet of Things (IOT) Pilot;Incident Management Information Sharing (IMIS) Internet of Things (IoT) Extension Engineering Report;Services,Cloud,Messaging,Mapping,Architecture,WFS,Events,SOS,WMS,Security,;Domains.InternetOfThings
http://docs.opengeospatial.org/per/16-093r1.html;2016;16-093r1;http://www.opengis.net/doc/PER/iot-protocol-mapping;Incident Management Information Sharing (IMIS) Internet of Things (IOT) Pilot;Incident Management Information Sharing Internet of Things Protocol Mapping Engineering Report;Mapping,Events,Services,Architecture,Conversion,Security,Messaging,SOS,Data Modeling,JSON,;Domains.InternetOfThings
http://docs.opengeospatial.org/per/16-097.html;2017;16-097;http://www.opengis.net/doc/PER/FCP1-UPrules;Future City Pilot, Phase 1;Future City Pilot-1: Using IFC/CityGML in Urban Planning Engineering Report;Architecture,CityGML,Services,Events,Governance,Mapping,Workflows,KML,WFS,Platforms,;Domains.SmartCities
http://docs.opengeospatial.org/per/16-098.html;2017;16-098;http://www.opengis.net/doc/PER/FCP1-ER;Future City Pilot, Phase 1;Future City Pilot 1 Engineering Report;CityGML,Services,ADE,Semantic,XML,Data Modeling,Domains,Sensor Web,GML,Atom,;Domains.SmartCities
http://docs.opengeospatial.org/per/16-099.html;2017;16-099;http://www.opengis.net/doc/PER/FCP1-autoUP;Future City Pilot, Phase 1;Future City Pilot 1 - Automating Urban Planning Using Web Processing Service Engineering Report;Services,CityGML,Events,Governance,WFS,XML,Architecture,Platforms,KML,Mapping,;Domains.SmartCities
http://docs.opengeospatial.org/per/16-115.html;2017;16-115;http://www.opengis.net/doc/PER/FCP1-IFCviaWFS;Future City Pilot, Phase 1;Future City Pilot 1 - Recommendations on Serving IFC via WFS;WFS,CityGML,JSON,Events,GML,XML,Data Modeling,GeoJSON,;Domains.SmartCities
http://docs.opengeospatial.org/per/16-137r2.html;2017;16-137r2;http://www.opengis.net/doc/PER/t12-A074;Testbed-12;Testbed-12 PubSub / Catalog Engineering Report;PubSub,Catalog,Services,CSW,Events,Messaging,REST,Broker,SOAP,XML,;Services.CSW, Architecture.AsynchronousCommunication
http://docs.opengeospatial.org/per/17-018.html;2018;17-018;http://www.opengis.net/doc/PER/t13-FA002;Testbed-13;OGC Testbed-13: Data Quality Specification Engineering Report;Data quality,Services,Domains,AIXM,Aviation,Aeronautical,FIXM,WXXM,Data Modeling,Events,;Domains.Aviation
http://docs.opengeospatial.org/per/17-019.html;2018;17-019;http://www.opengis.net/doc/PER/t13-NR002;Testbed-13;OGC Testbed-13: MapML ER;MapML,Mapping,Services,WMS,WMTS,OWS Context,WFS,Events,KML,Semantic,;DataModels.MapML
http://docs.opengeospatial.org/per/17-020r1.html;2018;17-020r1;http://www.opengis.net/doc/PER/t13-NG003;Testbed-13;OGC Testbed-13: NAS Profiling Engineering Report;Profiling,NAS,CityGML,CDB,ADE,Mapping,GML,XML,Workflows,OCL,;DataModels.Modeling
http://docs.opengeospatial.org/per/17-021.html;2018;17-021;http://www.opengis.net/doc/PER/t13-AB002;Testbed-13;OGC Testbed-13: Security ER;Security,Services,Workflows,WMS,WFS,Profiling,XML,JSON,Compliance,Domains,;Architecture.Security
http://docs.opengeospatial.org/per/17-022.html;2018;17-022;http://www.opengis.net/doc/PER/t13-NA001;Testbed-13;OGC Testbed-13: NA001 Climate Data Accessibility for Adaptation Planning;WCS,Services,Video,Workflows,Data Formats,Events,Aeronautical,GML,Data Modeling,WMS,;Domains.ClimateChange
http://docs.opengeospatial.org/per/17-023.html;2018;17-023;http://www.opengis.net/doc/PER/t13-ES001;Testbed-13;OGC Testbed-13: EP Application Package ER;Services,Mapping,Cloud,Platforms,OWS Context,GML,Atom,Data Modeling,Events,Workflows,;Architecture.Cloud, Architecture.BigData, Architecture.Platforms
http://docs.opengeospatial.org/per/17-024.html;2018;17-024;http://www.opengis.net/doc/PER/t13-ES002;Testbed-13;OGC Testbed-13: Application Deployment and Execution Service ER;Services,Platforms,Cloud,REST,JSON,Security,Workflows,Events,XML,OWS Context,;Architecture.Cloud, Architecture.BigData, Architecture.Platforms
http://docs.opengeospatial.org/per/17-025r2.html;2018;17-025r2;http://www.opengis.net/doc/PER/t13-FA003;Testbed-13;OGC Testbed-13: Quality Assessment Service ER;Services,Data quality,Profiling,Aviation,Architecture,Workflows,Domains,Registries,Aeronautical,Taxonomy,;Domains.Aviation
http://docs.opengeospatial.org/per/17-026r1.html;2018;17-026r1;http://www.opengis.net/doc/PER/t13-NG004;Testbed-13;OGC Testbed-13: Disconnected Networks Engineering Report;Events,Services,DDIL,Messaging,WFS,Security,PubSub,Synchronization,WCS,CSW,;Clients.DDIL
http://docs.opengeospatial.org/per/17-027.html;2018;17-027;http://www.opengis.net/doc/PER/t13-UG001;Testbed-13;OGC Testbed-13: GeoPackage Engineering Report;Mapping,Services,WMS,WMTS,Portrayal,GML,Events,Governance,XML,JSON,;DataStorage.GeoPackage
http://docs.opengeospatial.org/per/17-028.html;2018;17-028;http://www.opengis.net/doc/PER/t13-NG007;Testbed-13;OGC Testbed-13: Asynchronous Services ER;Services,WFS,Messaging,PubSub,JSON,Events,Architecture,Governance,Asynchronous Communication,GML,;Clients.Communication, Architecture.AsynchronousCommuniction
http://docs.opengeospatial.org/per/17-029r1.html;2018;17-029r1;http://www.opengis.net/doc/PER/t13-NG009;Testbed-13;OGC Testbed-13: Workflows ER;Workflows,Services,Security,CSW,Catalog,XML,Data quality,WFS,WCS,Coverage,;Architecture.Security, Architecture.Workflows
https://portal.opengeospatial.org/files/?artifact_id=76559&version=1;2017;17-031;http://www.opengis.net/doc/IS/gss/1.0;Testbed-13;OGC Geo-Synchronization Standard ;Events,Services,XML,Messaging,Atom,SOAP,Synchronization,REST,OpenSearch,GML,;Architecture.Synchronization
http://docs.opengeospatial.org/per/17-032r2.html;2018;17-032r2;http://www.opengis.net/doc/PER/t13-FA001;Testbed-13;OGC Testbed-13: Aviation Abstract Quality Model Engineering Report;Aviation,Services,Data quality,Domains,Aeronautical,AIXM,Quality of Service,Governance,FIXM,WXXM,;Domains.Aviation
http://docs.opengeospatial.org/per/17-035.html;2018;17-035;http://www.opengis.net/doc/PER/t13-NR001;Testbed-13;OGC Testbed-13: Cloud ER;Cloud,Services,WMS,Architecture,Security,WCS,Mapping,Big Data,OpenSearch,Domains,;Architecture.Cloud, Architecture.BigData, Architecture.Platforms
http://docs.opengeospatial.org/per/17-036.html;2018;17-036;http://www.opengis.net/doc/PER/t13-FA004;Testbed-13;OGC Testbed-13: Geospatial Taxonomies ER;Services,Taxonomy,Registries,RDF,Aviation,Semantic,Architecture,Coverage,Governance,Events,;Domains.Aviation
http://docs.opengeospatial.org/per/17-037.html;2018;17-037;http://www.opengis.net/doc/PER/t13-NG005;Testbed-13;OGC Testbed-13: SWAP Engineering Report;WFS,Services,Apache Avro,GML,Events,Architecture,JSON,XML,Vector Tiles,Mapping,;Clients.Communication
http://docs.opengeospatial.org/per/17-038.html;2018;17-038;http://www.opengis.net/doc/PER/t13-DG001;Testbed-13;OGC Testbed-13: Fit-for-Purpose Engineering Report;Services,WMS,WFS,WCS,Platforms,OWS Context,Fit-for-purpose,GML,Profiling,Architecture,;Architecture.Fit-for-Purpose
http://docs.opengeospatial.org/per/17-040.html;2018;17-040;http://www.opengis.net/doc/PER/t13-UG002;Testbed-13;OGC Testbed-13: DCAT/SRIM Engineering Report;DCAT,RDF,Registries,Semantic,Services,Mapping,CSW,REST,PubSub,Catalog,;Clients.Portrayal, Semantic.Registries
http://docs.opengeospatial.org/per/17-041.html;2018;17-041;http://www.opengis.net/doc/PER/t13-DS001;Testbed-13;OGC Testbed-13: Vector Tiles Engineering Report;Vector Tiles,Services,WFS,Mapping,WMTS,GML,GeoJSON,Coverage,WMS,Profiling,;DataModels.Vector Tiling
http://docs.opengeospatial.org/per/17-042.html;2018;17-042;http://www.opengis.net/doc/PER/t13-NG001;Testbed-13;OGC Testbed-13: CDB Engineering Report;CDB,WFS,NAS,WCS,GML,Profiling,Mapping,Services,Architecture,Data Modeling,;DataModels.CDB
http://docs.opengeospatial.org/per/17-043.html;2018;17-043;http://www.opengis.net/doc/PER/t13-NG010;Testbed-13;OGC Testbed-13: Executable Test Suites and Reference Implementations for NSG WMTS 1.0 and WFS 2.0 Profiles with Extension;Profiling,WFS,WMTS,Services,CITE,REST,Compliance,Mapping,Architecture,Events,;Compliance.WMTS, Compliance.WFS
http://docs.opengeospatial.org/per/17-045.html;2018;17-045;http://www.opengis.net/doc/PER/t13-NG008;Testbed-13;OGC Testbed-13: Portrayal Engineering Report;Portrayal,Services,Ontology,JSON,Mapping,Semantic,RDF,Linked Data,REST,XML,;Clients.Portrayal
http://docs.opengeospatial.org/per/17-046.html;2018;17-046;http://www.opengis.net/doc/PER/t13-NG002;Testbed-13;OGC Testbed-13: 3D Tiles and I3S Interoperability and Performance ER;3D Tiles,CityGML,I3S,CDB,Mapping,Services,Portrayal,ADE,Domains,Events,;DataModels.3DTiles, DataModels.I3S
http://docs.opengeospatial.org/per/17-048.html;2017;17-048;http://www.opengis.net/doc/PER/uicds;Underground Infrastructure Concept Development Study;OGC Underground Infrastructure Concept Study Engineering Report;Data Modeling,Services,Mapping,Governance,Architecture,Platforms,Security,CityGML,Data quality,ADE,;Domains.SmartCities
http://www.opengeospatial.org/pub/ArcticSDP/r2/er.html;2017;17-068;na;ArcticSDP;OGC Arctic Spatial Data Pilot Phase 2 Report;Arctic,Services,Catalog,Mapping,Video,Semantic,Security,Architecture,WMS,Governance,;Domains.Arctic
http://docs.opengeospatial.org/per/17-078.html;2018;17-078;http://www.opengis.net/doc/PER/t13-AB001;Testbed-13;OGC Testbed-13: Concepts of Data and Standards for Mass Migration Engineering Report;Services,WMS,Platforms,WFS,WCS,Mass Migration,Security,Mapping,JSON,Governance,;Domains.Mass Migration
http://docs.opengeospatial.org/per/17-088r1.html;2018;17-088r1;http://www.opengis.net/doc/PER/sdrraasse;Strengthening Disaster Risk Reduction Across the Americas Summit - Simulated Exercise;Strengthening Disaster Risk Reduction Across the Americas Summit - Simulated Exercise Engineering Report;Events,Disaster Management,Governance,Mapping,Services,Messaging,Cloud,Security,;Domains.DisasterManagement
;;;;;;;
;;;;;;;